<services version="1.0">
    <admin version="2.0">
        <adminserver hostalias="node1" />
        <configservers>
            <configserver hostalias="node1" />
        </configservers>
    </admin>
    <container id="my_container" version="1.0">
        <!-- https://docs.vespa.ai/en/onnx.html#using-optimum-to-export-models-to-onnx-format -->
        <component id="hf-embedder" type="hugging-face-embedder">
            <transformer-model path="models/model.onnx" />
            <tokenizer-model path="models/tokenizer.json" />
            <onnx-gpu-device>0</onnx-gpu-device> <!-- Specifies to use GPU device 0 for ONNX runtime -->
        </component>
        <search />
        <document-api />
    </container>
    <content id="my_content" version="1.0">
        <engine>
            <proton>
                <resource-limits>
                    <disk>0.90</disk>
                </resource-limits>
            </proton>
        </engine>
        <redundancy reply-after="1">2</redundancy>
        <documents>
            <document type="file" mode="index" />
            <document type="user" mode="index" />
            <document type="mail" mode="index" />
            <document type="mail_attachment" mode="index" />
            <document type="user_query" mode="index" />
            <document type="event" mode="index" />
            <document type="chat_message" mode="index" />
            <document type="chat_attachment" mode="index" />
            <document type="chat_container" mode="index" global="true" />
            <document type="chat_user" mode="index" global="true" />
            <document type="chat_team" mode="index" global="true" />
            <document type="datasource" mode="index" global="true" />
            <document type="datasource_file" mode="index" />
            <document type="kb_items" mode="index"/>
           <document type="jql_query" mode="index"/>
        </documents>
        <nodes>
            <node distribution-key="0" hostalias="node1" />
            <node distribution-key="1" hostalias="node2" />
        </nodes>
    </content>
</services>
